I2CK82WDPK9JB3,"Styleys Double Layer Electronics Accessories Organizer Bag Gadget Organizer Case, Portable Zippered Pouch for All Gadgets, HDD, Power Bank, USB Cables, Power Adapters, etc (Sky Blue - 110029)",https://www.amazon.in/dp/B07V3XH2YZ/?coliid=I2CK82WDPK9JB3&colid=3EZTI3DXQLOGA&psc=1&ref_=lv_vv_lig_dp_it,599.00,2022-12-15 16:36:28.319170
I3ENX3NIR0A5OR,"Styleys New Electronics Accessories Organizer Bag, Universal Carry Travel Gadget Bag for Cables, Pendrives, Perfect Size Fits for Pad Phone Charger Hard Disk (Grey - S11089)",https://www.amazon.in/dp/B084Z2VWCF/?coliid=I3ENX3NIR0A5OR&colid=3EZTI3DXQLOGA&psc=1&ref_=lv_vv_lig_dp_it,349.00,2022-12-15 16:36:28.320225
I2MT3X09F32S32,"House of Quirk Electronics Accessories Organizer Bag, Universal Carry Travel Gadget Bag for Cables, Plug and More, Perfect Size Fits for Pad Phone Charger Hard Disk - Black",https://www.amazon.in/dp/B07M7ZMQZT/?coliid=I2MT3X09F32S32&colid=3EZTI3DXQLOGA&psc=1&ref_=lv_vv_lig_dp_it,499.00,2022-12-15 16:36:28.321038
I1C3Y8RCCCM98I,"BSB HOME Polyester Micromink Summer AC Super Soft Flannel Solid/Plain Blanket for Summer, Light Brown, Size 220 x 228 Cms (Approx 7.4 x 7 ft) (Double, Reversible)",https://www.amazon.in/dp/B08PBYQWK9/?coliid=I1C3Y8RCCCM98I&colid=3EZTI3DXQLOGA&psc=1&ref_=lv_vv_lig_dp_it,"1,599.00",2022-12-15 16:36:28.321895
I11GJ9HC9MNWP5,Amazon Basics High Power 65W Mobile/Laptop Charger Dual Port Output with Type-C Charging Cable (Black),https://www.amazon.in/dp/B0BHVXD893/?coliid=I11GJ9HC9MNWP5&colid=3EZTI3DXQLOGA&psc=1&ref_=lv_vv_lig_dp_it,"1,799.00",2022-12-15 16:36:28.322683
I31W4XFO1UB1GJ,SIHOO® M57 Ergonomic Office Chair Adjustable Lumbar Support 3D Armrests Skin-Friendly Mesh Desk Chair High Back,https://www.amazon.in/dp/B07GN4H96T/?coliid=I31W4XFO1UB1GJ&colid=3EZTI3DXQLOGA&psc=1&ref_=lv_vv_lig_dp_it,"14,999.00",2022-12-15 16:36:28.323433
I3J7QOI3UAXY29,"Green Soul® Jupiter Superb Office Chair, High Back Mesh Ergonomic Home Office Desk Chair with 2D Adjustable Armrests & Lumbar Support, Smart Synchro Multi-Tilt Lock Mechanism & Heavy Duty Metal Base (Black)",https://www.amazon.in/dp/B0987V3K22/?coliid=I3J7QOI3UAXY29&colid=3EZTI3DXQLOGA&psc=0&ref_=lv_vv_lig_dp_it,"8,630.00",2022-12-15 16:36:28.324173
I38SQHDKSNJJ4V,Grab Kart Disposable Travel Paper Soap Strips for Handwash (- 40 Sheets) - Pack of 2,https://www.amazon.in/dp/B09YYG2D9Q/?coliid=I38SQHDKSNJJ4V&colid=3EZTI3DXQLOGA&psc=1&ref_=lv_vv_lig_dp_it,99.00,2022-12-15 16:36:28.324942
I1XP1TLIDXC3L,"Wolpin Portable Travel Organizer Case for Earphones, Data Cables, Charger, Pen Drives, Memory Card, (Black)",https://www.amazon.in/dp/B0B5H5KPLS/?coliid=I1XP1TLIDXC3L&colid=3EZTI3DXQLOGA&psc=1&ref_=lv_vv_lig_dp_it,209.00,2022-12-15 16:36:28.325654
IR4OFMCYO1VZ6,CRYSTALOPRO Super Hard Case Cover Fit with Gaming Mouse Logitech G502 Mouse Proteus Spectrum RGB Tunable Wireless (Black),https://www.amazon.in/dp/B0B1GRQRHV/?coliid=IR4OFMCYO1VZ6&colid=3EZTI3DXQLOGA&psc=0&ref_=lv_vv_lig_dp_it,A,2022-12-15 16:36:28.326217
